<?xml version="1.0" encoding="UTF-8"?>
<project-private xmlns="http://www.netbeans.org/ns/project-private/1">
    <editor-bookmarks xmlns="http://www.netbeans.org/ns/editor-bookmarks/2" lastBookmarkId="0"/>
    <open-files xmlns="http://www.netbeans.org/ns/projectui-open-files/2">
        <group>
            <file>file:/C:/Users/Tianqi/Desktop/CMPSC221/homework%204/version%201/SciFiTriviaGame.java/src/scifitriviagame/java/Question.java</file>
            <file>file:/C:/Users/Tianqi/Desktop/CMPSC221/homework%204/version%201/SciFiTriviaGame.java/src/scifitriviagame/java/SciFiTriviaGameJava.java</file>
        </group>
    </open-files>
</project-private>
